status,severity,category,event_type,field,summary,observed,expected,evidence,examples,spec_source
WARNING,Medium,duplicates,ObjectInterEvent,,"exact duplicate records (same timestamp, scene and data)","2 group(s), 2 redundant record(s)",each gameplay moment logged once,,wenyi090326-2.stratalog.logdata.json[1353] _id=6a9b1934485cab4c953fb4dc ts=2026-09-04T19:17:08.2900000Z == wenyi090326-2.stratalog.logdata.json[1352] _id=6a9b1934485cab4c953fb4de ts=2026-09-04T19:17:08.2900000Z | wenyi090326-2.stratalog.logdata.json[1319] _id=6a9b1959485cab4c953fb520 ts=2026-09-04T19:17:45.7410000Z == wenyi090326-2.stratalog.logdata.json[1318] _id=6a9b1959485cab4c953fb522 ts=2026-09-04T19:17:45.7410000Z,
WARNING,Medium,duplicates,PuzzlePieceVisibleEvent,,"exact duplicate records (same timestamp, scene and data)","19 group(s), 25 redundant record(s)",each gameplay moment logged once,,wenyi090326-2.stratalog.logdata.json[5229] _id=6a9b0806485cab4c953f9422 ts=2026-09-04T18:03:45.2180000Z == wenyi090326-2.stratalog.logdata.json[5230] _id=6a9b0806485cab4c953f9424 ts=2026-09-04T18:03:45.2180000Z | wenyi090326-2.stratalog.logdata.json[5227] _id=6a9b0806485cab4c953f9426 ts=2026-09-04T18:03:45.2860000Z == wenyi090326-2.stratalog.logdata.json[5228] _id=6a9b0806485cab4c953f9428 ts=2026-09-04T18:03:45.2860000Z | wenyi090326-2.stratalog.logdata.json[4421] _id=6a9b0b1f485cab4c953f9a66 ts=2026-09-04T18:17:02.7670000Z == wenyi090326-2.stratalog.logdata.json[4426] _id=6a9b0b1f485cab4c953f9a68 ts=2026-09-04T18:17:02.7670000Z,
WARNING,Medium,duplicates,crash,,"exact duplicate records (same timestamp, scene and data)","1 group(s), 1 redundant record(s)",each gameplay moment logged once,,wenyi090326-2.stratalog.logdata.json[5836] _id=6a9b14e9485cab4c953fac78 ts=? == wenyi090326-2.stratalog.logdata.json[5835] _id=6a9b16bf485cab4c953faee8 ts=?,
WARNING,Medium,duplicates,questEvent,,"exact duplicate records (same timestamp, scene and data)","1 group(s), 1 redundant record(s)",each gameplay moment logged once,,wenyi090326-2.stratalog.logdata.json[212] _id=6a9b237f485cab4c953fc372 ts=2026-09-04T20:01:03.4260000Z == wenyi090326-2.stratalog.logdata.json[213] _id=6a9b237f485cab4c953fc374 ts=2026-09-04T20:01:03.4260000Z,
WARNING,Medium,regression,DaniEvent,,median interval between records changed substantially,2.369s median,14.09s in 08-31-26,regression candidate requiring review,,
WARNING,Medium,regression,SolarStillDesignEvent,,median interval between records changed substantially,1.067s median,2.334s in 08-31-26,regression candidate requiring review,,
WARNING,Medium,regression,TerasGardenBox,,baseline field(s) absent this build,data.boxID,schema change or conditional content — review,,,
WARNING,Medium,regression,chatEvent,,median interval between records changed substantially,0.232s median,721.885s in 08-31-26,regression candidate requiring review,,
WARNING,Medium,regression,gameWindowFocusEvent,,median interval between records changed substantially,95.131s median,199.213s in 08-31-26,regression candidate requiring review,,
WARNING,Medium,regression,gameWindowUnfocusEvent,,median interval between records changed substantially,107.559s median,216.72s in 08-31-26,regression candidate requiring review,,
WARNING,Medium,schema,DialogueEvent,eventKey,eventKey does not match its documented format,15 mismatch(es); e.g. 'DialogueNodeEvent:31:0' vs expected 'DialogueNodeEvent:31:2',{data.dialogueEventType}:{data.conversationId}:{data.nodeId},,wenyi090326-2.stratalog.logdata.json[5721] _id=6a9b0506485cab4c953f88bd ts=2026-09-04T17:51:02.0550000Z | wenyi090326-2.stratalog.logdata.json[5674] _id=6a9b05b2485cab4c953f8db6 ts=2026-09-04T17:53:54.5040000Z | wenyi090326-2.stratalog.logdata.json[5653] _id=6a9b05c4485cab4c953f8e62 ts=2026-09-04T17:54:12.3280000Z,observed data (dialogue-event PDF not machine-readable)
WARNING,Medium,sequence,DialogueEvent,dialogueEventType,dialogue lifecycle: finish without preceding start,12 occurrence(s),every 'DialogueFinishEvent' preceded by 'DialogueStartEvent' per conversationId,,wenyi090326-2.stratalog.logdata.json[5575] _id=6a9b066a485cab4c953f9006 ts=2026-09-04T17:56:58.7240000Z | wenyi090326-2.stratalog.logdata.json[5495] _id=6a9b06ad485cab4c953f91f2 ts=2026-09-04T17:58:05.7930000Z | wenyi090326-2.stratalog.logdata.json[4524] _id=6a9b09f9485cab4c953f998c ts=2026-09-04T18:12:10.0260000Z,observed data (dialogue-event PDF not machine-readable)
WARNING,Medium,sequence,PuzzlePieceVisibleEvent,actionType,camera centering: close without preceding open,7 occurrence(s),every 'BecameCameraUncentered' preceded by 'BecameCameraCentered' per pieceId,,wenyi090326-2.stratalog.logdata.json[5124] _id=6a9b0810485cab4c953f94e0 ts=2026-09-04T18:03:59.2570000Z | wenyi090326-2.stratalog.logdata.json[5064] _id=6a9b0817485cab4c953f9558 ts=2026-09-04T18:04:07.2610000Z | wenyi090326-2.stratalog.logdata.json[4838] _id=6a9b083a485cab4c953f9726 ts=2026-09-04T18:04:39.9440000Z,08-13-26/Investigation-results/puzzle-piece-visible-event.md
WARNING,Medium,sequence,PuzzlePieceVisibleEvent,actionType,piece visibility: close without preceding open,8 occurrence(s),every 'BecameInvisible' preceded by 'BecameVisible' per pieceId,,wenyi090326-2.stratalog.logdata.json[5316] _id=6a9b0801485cab4c953f938e ts=2026-09-04T18:03:06.5470000Z | wenyi090326-2.stratalog.logdata.json[5312] _id=6a9b0801485cab4c953f939a ts=2026-09-04T18:03:06.7810000Z | wenyi090326-2.stratalog.logdata.json[5214] _id=6a9b0807485cab4c953f943c ts=2026-09-04T18:03:46.1840000Z,08-13-26/Investigation-results/puzzle-piece-visible-event.md
WARNING,Medium,sequence,argumentationEvent,actionType,argumentation session: close without preceding open,2 occurrence(s),every 'argumentationSessionClose' preceded by 'argumentationSessionOpen' per argumentationTitle,,wenyi090326-2.stratalog.logdata.json[3121] _id=6a9b1132485cab4c953fa6fe ts=2026-09-04T18:42:58.9760000Z | wenyi090326-2.stratalog.logdata.json[1219] _id=6a9b1a29485cab4c953fb5e6 ts=2026-09-04T19:21:13.3390000Z,08-13-26/Investigation-results/argumentation-event-investigation.md
WARNING,Medium,sequence,argumentationNodeEvent,actionType,node hover: close without preceding open,2 occurrence(s),every 'argumentationNodeHoverEnd' preceded by 'argumentationNodeHoverStart' per nodeName,,wenyi090326-2.stratalog.logdata.json[5542] _id=6a9b0688485cab4c953f912a ts=2026-09-04T17:57:28.3360000Z | wenyi090326-2.stratalog.logdata.json[3628] _id=6a9b0dec485cab4c953fa27a ts=2026-09-04T18:29:00.3740000Z,08-13-26/Investigation-results/argumentation-node-event-investigation.md
WARNING,Medium,sequence,chatEvent,actionType,chat open/close: close without preceding open,2 occurrence(s),every 'Close' preceded by 'Open',,wenyi090326-2.stratalog.logdata.json[908] _id=6a9b1b97485cab4c953fb858 ts=2026-09-04T19:27:19.2840000Z | wenyi090326-2.stratalog.logdata.json[449] _id=6a9b1d49485cab4c953fbbee ts=2026-09-04T19:34:33.8270000Z,08-13-26/Investigation-results/chat-event-investigation.md
WARNING,Medium,sequence,questEvent,questEventType,quest lifecycle: finish without preceding start,3 occurrence(s),every 'questFinishEvent' preceded by 'questActiveEvent' per questID,,wenyi090326-2.stratalog.logdata.json[3014] _id=6a9b121c485cab4c953fa7da ts=2026-09-04T18:46:53.1600000Z | wenyi090326-2.stratalog.logdata.json[2012] _id=6a9b170a485cab4c953fafb6 ts=2026-09-04T19:07:54.8730000Z | wenyi090326-2.stratalog.logdata.json[539] _id=6a9b1cda485cab4c953fbb3a ts=2026-09-04T19:32:43.1240000Z,08-13-26/Investigation-results/quest-event-investigation.md
WARNING,Medium,temporal,,,records without a parseable client timestamp,3 records,,,wenyi090326-2.stratalog.logdata.json[5834] _id=6a9b11eb485cab4c953fa7c4 ts=? | wenyi090326-2.stratalog.logdata.json[5836] _id=6a9b14e9485cab4c953fac78 ts=? | wenyi090326-2.stratalog.logdata.json[5835] _id=6a9b16bf485cab4c953faee8 ts=?,
WARNING,Low,schema,gameStartEvent,data.<empty>,field name is an empty string,path data.<empty> in 7 records,a descriptive field name,types: {'bool': 7},wenyi090326-2.stratalog.logdata.json[5833] _id=6a9b042c485cab4c953f8586 ts=2026-09-04T17:47:25.0870000Z | wenyi090326-2.stratalog.logdata.json[5419] _id=6a9b0777485cab4c953f928e ts=2026-09-04T18:01:27.1580000Z | wenyi090326-2.stratalog.logdata.json[3524] _id=6a9b0ec2485cab4c953fa3da ts=2026-09-04T18:32:35.1500000Z,
WARNING,Low,schema,gameWindowFocusEvent,data.<empty>,field name is an empty string,path data.<empty> in 26 records,a descriptive field name,types: {'bool': 26},wenyi090326-2.stratalog.logdata.json[5753] _id=6a9b04d8485cab4c953f875a ts=2026-09-04T17:50:16.9890000Z | wenyi090326-2.stratalog.logdata.json[5693] _id=6a9b05a6485cab4c953f8d56 ts=2026-09-04T17:53:42.7990000Z | wenyi090326-2.stratalog.logdata.json[5598] _id=6a9b0605485cab4c953f8f8a ts=2026-09-04T17:55:17.9300000Z,
WARNING,Low,schema,gameWindowUnfocusEvent,data.<empty>,field name is an empty string,path data.<empty> in 27 records,a descriptive field name,types: {'bool': 27},wenyi090326-2.stratalog.logdata.json[5761] _id=6a9b048d485cab4c953f86e6 ts=2026-09-04T17:49:01.8230000Z | wenyi090326-2.stratalog.logdata.json[5700] _id=6a9b0567485cab4c953f8b0a ts=2026-09-04T17:52:40.1410000Z | wenyi090326-2.stratalog.logdata.json[5599] _id=6a9b0603485cab4c953f8f86 ts=2026-09-04T17:55:15.8180000Z,
WARNING,Low,sequence,PuzzlePieceVisibleEvent,actionType,camera centering: repeated open with no intervening close,32 occurrence(s),,,wenyi090326-2.stratalog.logdata.json[5200] _id=6a9b0808485cab4c953f9452 ts=2026-09-04T18:03:49.7210000Z | wenyi090326-2.stratalog.logdata.json[5122] _id=6a9b0810485cab4c953f94e4 ts=2026-09-04T18:03:59.4910000Z | wenyi090326-2.stratalog.logdata.json[5121] _id=6a9b0810485cab4c953f94e6 ts=2026-09-04T18:03:59.7570000Z,08-13-26/Investigation-results/puzzle-piece-visible-event.md
WARNING,Low,sequence,PuzzlePieceVisibleEvent,actionType,piece visibility: repeated open with no intervening close,90 occurrence(s),,,wenyi090326-2.stratalog.logdata.json[5317] _id=6a9b0801485cab4c953f938a ts=2026-09-04T18:03:06.4500000Z | wenyi090326-2.stratalog.logdata.json[5309] _id=6a9b0802485cab4c953f93a2 ts=2026-09-04T18:03:06.9810000Z | wenyi090326-2.stratalog.logdata.json[5289] _id=6a9b0802485cab4c953f93a6 ts=2026-09-04T18:03:36.1970000Z,08-13-26/Investigation-results/puzzle-piece-visible-event.md
WARNING,Low,sequence,argumentationToolEvent,actionType,backing-info panel: repeated open with no intervening close,8 occurrence(s),,,wenyi090326-2.stratalog.logdata.json[5505] _id=6a9b06a7485cab4c953f91da ts=2026-09-04T17:57:59.9180000Z | wenyi090326-2.stratalog.logdata.json[3615] _id=6a9b0df9485cab4c953fa2a4 ts=2026-09-04T18:29:13.3140000Z | wenyi090326-2.stratalog.logdata.json[3613] _id=6a9b0dfa485cab4c953fa2a8 ts=2026-09-04T18:29:14.8480000Z,08-13-26/Investigation-results/argumentation-tool-event-investigation.md
WARNING,Low,values,ObjectInterEvent,data.actionType,values that differ only in spelling/case,"""Press E To Pick Up"" (1x), ""Press E to Pick Up"" (5x), ""Press E to Pick up"" (36x)",one canonical value (or documented aliases),,,
WARNING,Low,values,ObjectInterEvent,data.actionType,values that differ only in spelling/case,"""Press E to Place"" (9x), ""Press E to place"" (1x)",one canonical value (or documented aliases),,,
WARNING,Low,values,ObjectInterEvent,data.actionType,values that differ only in spelling/case,"""Press E To Scan"" (3x), ""Press E to Scan"" (11x)",one canonical value (or documented aliases),,,
INFO,Info,coverage,crash,,no expectation rules configured — descriptive profiling only,3 records,add the event to event_expectations.yaml to enable expectation checks,,,
PASS,Info,cross-event,,,Soil Key Puzzle finished implies soil drag interactions happened: consistent,"4 trigger(s), 28 matching record(s) in wenyi090326-2.stratalog.logdata.json:6a9a063fe2ada9cb13ea75bc",,,,soil-key-puzzle-investigation.md
PASS,Info,cross-event,,,argumentation answer submitted implies an argumentation session was opened: consistent,"6 trigger(s), 6 matching record(s) in wenyi090326-2.stratalog.logdata.json:6a9a063fe2ada9cb13ea75bc",,,,argumentation-event-investigation.md
PASS,Info,cross-event,,,solar still design submission implies option selections: consistent,"1 trigger(s), 3 matching record(s) in wenyi090326-2.stratalog.logdata.json:6a9a063fe2ada9cb13ea75bc",,,,observed data 08-25-26 (no written spec yet)
INFO,Info,duplicates,ObjectInterEvent,,"near-duplicate records within 1s (identical data, different timestamp)",5 pair(s),review whether the interaction really fired twice,,1ms: wenyi090326-2.stratalog.logdata.json[5766] _id=6a9b0487485cab4c953f86d8 ts=2026-09-04T17:48:55.7920000Z ~ wenyi090326-2.stratalog.logdata.json[5765] _id=6a9b0487485cab4c953f86da ts=2026-09-04T17:48:55.7930000Z | 700ms: wenyi090326-2.stratalog.logdata.json[1664] _id=6a9b17fa485cab4c953fb26e ts=2026-09-04T19:11:55.1540000Z ~ wenyi090326-2.stratalog.logdata.json[1661] _id=6a9b17fb485cab4c953fb274 ts=2026-09-04T19:11:55.8540000Z | 834ms: wenyi090326-2.stratalog.logdata.json[326] _id=6a9b2311485cab4c953fc286 ts=2026-09-04T19:59:13.2740000Z ~ wenyi090326-2.stratalog.logdata.json[324] _id=6a9b2311485cab4c953fc28a ts=2026-09-04T19:59:14.1080000Z,
INFO,Info,duplicates,PuzzlePieceVisibleEvent,,"near-duplicate records within 1s (identical data, different timestamp)",15 pair(s),review whether the interaction really fired twice,,2ms: wenyi090326-2.stratalog.logdata.json[5320] _id=6a9b0801485cab4c953f9388 ts=2026-09-04T18:03:06.4480000Z ~ wenyi090326-2.stratalog.logdata.json[5317] _id=6a9b0801485cab4c953f938a ts=2026-09-04T18:03:06.4500000Z | 67ms: wenyi090326-2.stratalog.logdata.json[5313] _id=6a9b0801485cab4c953f9398 ts=2026-09-04T18:03:06.7140000Z ~ wenyi090326-2.stratalog.logdata.json[5312] _id=6a9b0801485cab4c953f939a ts=2026-09-04T18:03:06.7810000Z | 67ms: wenyi090326-2.stratalog.logdata.json[5310] _id=6a9b0802485cab4c953f93a0 ts=2026-09-04T18:03:06.9140000Z ~ wenyi090326-2.stratalog.logdata.json[5309] _id=6a9b0802485cab4c953f93a2 ts=2026-09-04T18:03:06.9810000Z,
INFO,Info,duplicates,argumentationEvent,,"near-duplicate records within 1s (identical data, different timestamp)",2 pair(s),review whether the interaction really fired twice,,31ms: wenyi090326-2.stratalog.logdata.json[3125] _id=6a9b1132485cab4c953fa6f8 ts=2026-09-04T18:42:58.9450000Z ~ wenyi090326-2.stratalog.logdata.json[3121] _id=6a9b1132485cab4c953fa6fe ts=2026-09-04T18:42:58.9760000Z | 32ms: wenyi090326-2.stratalog.logdata.json[1223] _id=6a9b1a29485cab4c953fb5e0 ts=2026-09-04T19:21:13.3070000Z ~ wenyi090326-2.stratalog.logdata.json[1219] _id=6a9b1a29485cab4c953fb5e6 ts=2026-09-04T19:21:13.3390000Z,
INFO,Info,duplicates,argumentationNodeEvent,,"near-duplicate records within 1s (identical data, different timestamp)",8 pair(s),review whether the interaction really fired twice,,31ms: wenyi090326-2.stratalog.logdata.json[5543] _id=6a9b0688485cab4c953f9128 ts=2026-09-04T17:57:28.3050000Z ~ wenyi090326-2.stratalog.logdata.json[5542] _id=6a9b0688485cab4c953f912a ts=2026-09-04T17:57:28.3360000Z | 801ms: wenyi090326-2.stratalog.logdata.json[5547] _id=6a9b0687485cab4c953f9120 ts=2026-09-04T17:57:27.6360000Z ~ wenyi090326-2.stratalog.logdata.json[5541] _id=6a9b0688485cab4c953f912c ts=2026-09-04T17:57:28.4370000Z | 233ms: wenyi090326-2.stratalog.logdata.json[3999] _id=6a9b0bb7485cab4c953f9dc8 ts=2026-09-04T18:19:35.7210000Z ~ wenyi090326-2.stratalog.logdata.json[3997] _id=6a9b0bb7485cab4c953f9dcc ts=2026-09-04T18:19:35.9540000Z,
INFO,Info,duplicates,argumentationToolEvent,,"near-duplicate records within 1s (identical data, different timestamp)",5 pair(s),review whether the interaction really fired twice,,700ms: wenyi090326-2.stratalog.logdata.json[3616] _id=6a9b0df8485cab4c953fa2a2 ts=2026-09-04T18:29:12.6140000Z ~ wenyi090326-2.stratalog.logdata.json[3615] _id=6a9b0df9485cab4c953fa2a4 ts=2026-09-04T18:29:13.3140000Z | 667ms: wenyi090326-2.stratalog.logdata.json[3614] _id=6a9b0df9485cab4c953fa2a6 ts=2026-09-04T18:29:14.1810000Z ~ wenyi090326-2.stratalog.logdata.json[3613] _id=6a9b0dfa485cab4c953fa2a8 ts=2026-09-04T18:29:14.8480000Z | 534ms: wenyi090326-2.stratalog.logdata.json[3161] _id=6a9b10d1485cab4c953fa6b0 ts=2026-09-04T18:41:22.1280000Z ~ wenyi090326-2.stratalog.logdata.json[3160] _id=6a9b10d2485cab4c953fa6b2 ts=2026-09-04T18:41:22.6620000Z,
INFO,Info,duplicates,chatEvent,,"near-duplicate records within 1s (identical data, different timestamp)",14 pair(s),review whether the interaction really fired twice,,533ms: wenyi090326-2.stratalog.logdata.json[4031] _id=6a9b0bae485cab4c953f9d88 ts=2026-09-04T18:19:26.4500000Z ~ wenyi090326-2.stratalog.logdata.json[4029] _id=6a9b0bae485cab4c953f9d8c ts=2026-09-04T18:19:26.9830000Z | 534ms: wenyi090326-2.stratalog.logdata.json[4029] _id=6a9b0bae485cab4c953f9d8c ts=2026-09-04T18:19:26.9830000Z ~ wenyi090326-2.stratalog.logdata.json[4027] _id=6a9b0baf485cab4c953f9d90 ts=2026-09-04T18:19:27.5170000Z | 534ms: wenyi090326-2.stratalog.logdata.json[4027] _id=6a9b0baf485cab4c953f9d90 ts=2026-09-04T18:19:27.5170000Z ~ wenyi090326-2.stratalog.logdata.json[4025] _id=6a9b0baf485cab4c953f9d94 ts=2026-09-04T18:19:28.0510000Z,
INFO,Info,duplicates,gameWindowUnfocusEvent,,"near-duplicate records within 1s (identical data, different timestamp)",1 pair(s),review whether the interaction really fired twice,,0ms: wenyi090326-2.stratalog.logdata.json[3023] _id=6a9b11f3485cab4c953fa7c6 ts=2026-09-04T18:46:11.6570000Z ~ wenyi090326-2.stratalog.logdata.json[3022] _id=6a9b120b485cab4c953fa7c8 ts=2026-09-04T18:46:11.657Z,
INFO,Info,duplicates,questEvent,,"near-duplicate records within 1s (identical data, different timestamp)",1 pair(s),review whether the interaction really fired twice,,1ms: wenyi090326-2.stratalog.logdata.json[84] _id=6a9b2406485cab4c953fc474 ts=2026-09-04T20:03:18.6310000Z ~ wenyi090326-2.stratalog.logdata.json[82] _id=6a9b2406485cab4c953fc476 ts=2026-09-04T20:03:18.6320000Z,
INFO,Info,frequency,DEBUGMenu,,unusually long gaps between records,"2 gap(s), longest 25m 57s",,25m 57s: wenyi090326-2.stratalog.logdata.json[2112] _id=6a9b16c4485cab4c953faeee ts=2026-09-04T19:06:44.5970000Z -> wenyi090326-2.stratalog.logdata.json[541] _id=6a9b1cd9485cab4c953fbb36 ts=2026-09-04T19:32:41.8050000Z; 19m 47s: wenyi090326-2.stratalog.logdata.json[3010] _id=6a9b121d485cab4c953fa7e2 ts=2026-09-04T18:46:53.1780000Z -> wenyi090326-2.stratalog.logdata.json[2113] _id=6a9b16c0485cab4c953faeec ts=2026-09-04T19:06:40.6060000Z,,
INFO,Info,frequency,DaniEvent,,unusually long gaps between records,"3 gap(s), longest 34m 3s",,34m 3s: wenyi090326-2.stratalog.logdata.json[3994] _id=6a9b0bba485cab4c953f9dd2 ts=2026-09-04T18:19:38.4220000Z -> wenyi090326-2.stratalog.logdata.json[2543] _id=6a9b13b5485cab4c953fab88 ts=2026-09-04T18:53:41.7330000Z; 33m 56s: wenyi090326-2.stratalog.logdata.json[2390] _id=6a9b15b5485cab4c953facbe ts=2026-09-04T19:02:13.6260000Z -> wenyi090326-2.stratalog.logdata.json[384] _id=6a9b1daa485cab4c953fbc70 ts=2026-09-04T19:36:10.6040000Z; 22m 28s: wenyi090326-2.stratalog.logdata.json[384] _id=6a9b1daa485cab4c953fbc70 ts=2026-09-04T19:36:10.6040000Z -> wenyi090326-2.stratalog.logdata.json[372] _id=6a9b22ee485cab4c953fc1f2 ts=2026-09-04T19:58:38.7620000Z,,
INFO,Info,frequency,DaniEvent,,very rapid consecutive records (possible duplicates or multi-fire),2 interval(s) ≤ 0.001s..0.001s shown,,1ms: wenyi090326-2.stratalog.logdata.json[2392] _id=6a9b15b2485cab4c953facba ts=2026-09-04T19:02:10.6770000Z -> wenyi090326-2.stratalog.logdata.json[2391] _id=6a9b15b2485cab4c953facbc ts=2026-09-04T19:02:10.6780000Z; 1ms: wenyi090326-2.stratalog.logdata.json[2394] _id=6a9b15a6485cab4c953facb6 ts=2026-09-04T19:01:58.5860000Z -> wenyi090326-2.stratalog.logdata.json[2393] _id=6a9b15a6485cab4c953facb8 ts=2026-09-04T19:01:58.5870000Z,,
INFO,Info,frequency,DialogueEvent,,unusually long gaps between records,"1 gap(s), longest 22m 49s",,22m 49s: wenyi090326-2.stratalog.logdata.json[387] _id=6a9b1d9f485cab4c953fbc6a ts=2026-09-04T19:35:59.5000000Z -> wenyi090326-2.stratalog.logdata.json[356] _id=6a9b22f9485cab4c953fc232 ts=2026-09-04T19:58:49.4720000Z,,
INFO,Info,frequency,DialogueEvent,,very rapid consecutive records (possible duplicates or multi-fire),477 interval(s) ≤ 0.000s..0.000s shown,,0ms: wenyi090326-2.stratalog.logdata.json[103] _id=6a9b23df485cab4c953fc44c ts=2026-09-04T20:02:39.9500000Z -> wenyi090326-2.stratalog.logdata.json[104] _id=6a9b23df485cab4c953fc44e ts=2026-09-04T20:02:39.9500000Z; 0ms: wenyi090326-2.stratalog.logdata.json[112] _id=6a9b23d9485cab4c953fc43a ts=2026-09-04T20:02:33.8480000Z -> wenyi090326-2.stratalog.logdata.json[113] _id=6a9b23d9485cab4c953fc43c ts=2026-09-04T20:02:33.8480000Z; 0ms: wenyi090326-2.stratalog.logdata.json[1171] _id=6a9b1a75485cab4c953fb646 ts=2026-09-04T19:22:29.5580000Z -> wenyi090326-2.stratalog.logdata.json[1172] _id=6a9b1a75485cab4c953fb648 ts=2026-09-04T19:22:29.5580000Z,,
INFO,Info,frequency,EndOfUnit,,unusually long gaps between records,"4 gap(s), longest 37m 1s",,37m 1s: wenyi090326-2.stratalog.logdata.json[911] _id=6a9b1b89485cab4c953fb850 ts=2026-09-04T19:27:06.0560000Z -> wenyi090326-2.stratalog.logdata.json[2] _id=6a9b2437485cab4c953fc518 ts=2026-09-04T20:04:07.2210000Z; 31m 39s: wenyi090326-2.stratalog.logdata.json[2443] _id=6a9b141e485cab4c953fac50 ts=2026-09-04T18:55:26.2480000Z -> wenyi090326-2.stratalog.logdata.json[911] _id=6a9b1b89485cab4c953fb850 ts=2026-09-04T19:27:06.0560000Z; 30m 28s: wenyi090326-2.stratalog.logdata.json[5420] _id=6a9b072e485cab4c953f928a ts=2026-09-04T18:00:14.1830000Z -> wenyi090326-2.stratalog.logdata.json[3526] _id=6a9b0e52485cab4c953fa3c4 ts=2026-09-04T18:30:43.1570000Z,,
INFO,Info,frequency,InputEvent,,unusually long gaps between records,"1 gap(s), longest 22m 28s",,22m 28s: wenyi090326-2.stratalog.logdata.json[383] _id=6a9b1daa485cab4c953fbc72 ts=2026-09-04T19:36:10.6050000Z -> wenyi090326-2.stratalog.logdata.json[370] _id=6a9b22ef485cab4c953fc1f6 ts=2026-09-04T19:58:39.2310000Z,,
INFO,Info,frequency,InputEvent,,very rapid consecutive records (possible duplicates or multi-fire),47 interval(s) ≤ 0.001s..0.001s shown,,1ms: wenyi090326-2.stratalog.logdata.json[1953] _id=6a9b1730485cab4c953fb02c ts=2026-09-04T19:08:32.9250000Z -> wenyi090326-2.stratalog.logdata.json[1952] _id=6a9b1730485cab4c953fb02e ts=2026-09-04T19:08:32.9260000Z; 1ms: wenyi090326-2.stratalog.logdata.json[2066] _id=6a9b16e1485cab4c953faf4a ts=2026-09-04T19:07:13.3520000Z -> wenyi090326-2.stratalog.logdata.json[2065] _id=6a9b16e1485cab4c953faf4c ts=2026-09-04T19:07:13.3530000Z; 1ms: wenyi090326-2.stratalog.logdata.json[2074] _id=6a9b16dd485cab4c953faf3a ts=2026-09-04T19:07:10.1190000Z -> wenyi090326-2.stratalog.logdata.json[2073] _id=6a9b16dd485cab4c953faf3c ts=2026-09-04T19:07:10.1200000Z,,
INFO,Info,frequency,ObjectInterEvent,,unusually long gaps between records,"1 gap(s), longest 22m 41s",,22m 41s: wenyi090326-2.stratalog.logdata.json[388] _id=6a9b1d9d485cab4c953fbc68 ts=2026-09-04T19:35:58.0690000Z -> wenyi090326-2.stratalog.logdata.json[371] _id=6a9b22ef485cab4c953fc1f4 ts=2026-09-04T19:58:39.2300000Z,,
INFO,Info,frequency,ObjectInterEvent,,very rapid consecutive records (possible duplicates or multi-fire),3 interval(s) ≤ 0.000s..0.001s shown,,0ms: wenyi090326-2.stratalog.logdata.json[1319] _id=6a9b1959485cab4c953fb520 ts=2026-09-04T19:17:45.7410000Z -> wenyi090326-2.stratalog.logdata.json[1318] _id=6a9b1959485cab4c953fb522 ts=2026-09-04T19:17:45.7410000Z; 0ms: wenyi090326-2.stratalog.logdata.json[1353] _id=6a9b1934485cab4c953fb4dc ts=2026-09-04T19:17:08.2900000Z -> wenyi090326-2.stratalog.logdata.json[1352] _id=6a9b1934485cab4c953fb4de ts=2026-09-04T19:17:08.2900000Z; 1ms: wenyi090326-2.stratalog.logdata.json[5766] _id=6a9b0487485cab4c953f86d8 ts=2026-09-04T17:48:55.7920000Z -> wenyi090326-2.stratalog.logdata.json[5765] _id=6a9b0487485cab4c953f86da ts=2026-09-04T17:48:55.7930000Z,,
PASS,Info,frequency,PlayerPositionEvent,,continuous cadence matches expectation (~10s),"median interval 10.005s (p5 9.97s, p95 10.16s, n=624)",~10s (±0.6s),,,08-13-26/Investigation-results/position-event-investigation.md
INFO,Info,frequency,PlayerPositionEvent,,unusually long gaps between records,"1 gap(s), longest 22m 38s",,22m 38s: wenyi090326-2.stratalog.logdata.json[385] _id=6a9b1daa485cab4c953fbc6e ts=2026-09-04T19:36:10.5700000Z -> wenyi090326-2.stratalog.logdata.json[358] _id=6a9b22f8485cab4c953fc22c ts=2026-09-04T19:58:48.7310000Z,,
INFO,Info,frequency,PuzzlePieceVisibleEvent,,unusually long gaps between records,"4 gap(s), longest 27m 49s",,27m 49s: wenyi090326-2.stratalog.logdata.json[4046] _id=6a9b0b9b485cab4c953f9d70 ts=2026-09-04T18:19:05.8390000Z -> wenyi090326-2.stratalog.logdata.json[3007] _id=6a9b121f485cab4c953fa7e6 ts=2026-09-04T18:46:54.8390000Z; 16m 20s: wenyi090326-2.stratalog.logdata.json[2877] _id=6a9b1247485cab4c953fa8ec ts=2026-09-04T18:47:35.0890000Z -> wenyi090326-2.stratalog.logdata.json[2325] _id=6a9b161b485cab4c953fad32 ts=2026-09-04T19:03:55.8270000Z; 13m 18s: wenyi090326-2.stratalog.logdata.json[1449] _id=6a9b187e485cab4c953fb41c ts=2026-09-04T19:14:05.8650000Z -> wenyi090326-2.stratalog.logdata.json[898] _id=6a9b1b9c485cab4c953fb85e ts=2026-09-04T19:27:24.2820000Z,,
INFO,Info,frequency,PuzzlePieceVisibleEvent,,very rapid consecutive records (possible duplicates or multi-fire),707 interval(s) ≤ 0.000s..0.000s shown,,0ms: wenyi090326-2.stratalog.logdata.json[1457] _id=6a9b187d485cab4c953fb40c ts=2026-09-04T19:14:04.5670000Z -> wenyi090326-2.stratalog.logdata.json[1456] _id=6a9b187d485cab4c953fb40e ts=2026-09-04T19:14:04.5670000Z; 0ms: wenyi090326-2.stratalog.logdata.json[1462] _id=6a9b187c485cab4c953fb402 ts=2026-09-04T19:14:04.1990000Z -> wenyi090326-2.stratalog.logdata.json[1461] _id=6a9b187c485cab4c953fb404 ts=2026-09-04T19:14:04.1990000Z; 0ms: wenyi090326-2.stratalog.logdata.json[1463] _id=6a9b187c485cab4c953fb400 ts=2026-09-04T19:14:04.1990000Z -> wenyi090326-2.stratalog.logdata.json[1462] _id=6a9b187c485cab4c953fb402 ts=2026-09-04T19:14:04.1990000Z,,
INFO,Info,frequency,Soil Key Puzzle,,unusually long gaps between records,"2 gap(s), longest 29m 43s",,29m 43s: wenyi090326-2.stratalog.logdata.json[4460] _id=6a9b0ae3485cab4c953f9a0c ts=2026-09-04T18:16:03.1700000Z -> wenyi090326-2.stratalog.logdata.json[3042] _id=6a9b11da485cab4c953fa79e ts=2026-09-04T18:45:46.7230000Z; 17m 36s: wenyi090326-2.stratalog.logdata.json[3029] _id=6a9b11e6485cab4c953fa7b8 ts=2026-09-04T18:45:58.8610000Z -> wenyi090326-2.stratalog.logdata.json[2351] _id=6a9b1606485cab4c953fad0c ts=2026-09-04T19:03:34.9490000Z,,
INFO,Info,frequency,TopographicMapEvent,,unusually long gaps between records,"2 gap(s), longest 18m 28s",,18m 28s: wenyi090326-2.stratalog.logdata.json[3472] _id=6a9b0f4c485cab4c953fa442 ts=2026-09-04T18:34:52.5940000Z -> wenyi090326-2.stratalog.logdata.json[2561] _id=6a9b13a0485cab4c953fab64 ts=2026-09-04T18:53:21.1560000Z; 10m 29s: wenyi090326-2.stratalog.logdata.json[3865] _id=6a9b0cd6485cab4c953f9f20 ts=2026-09-04T18:24:22.4260000Z -> wenyi090326-2.stratalog.logdata.json[3474] _id=6a9b0f4b485cab4c953fa43e ts=2026-09-04T18:34:51.9260000Z,,
INFO,Info,frequency,TopographicMapEvent,,very rapid consecutive records (possible duplicates or multi-fire),4 interval(s) ≤ 0.004s..0.033s shown,,4ms: wenyi090326-2.stratalog.logdata.json[4637] _id=6a9b092c485cab4c953f98aa ts=2026-09-04T18:08:45.0610000Z -> wenyi090326-2.stratalog.logdata.json[4633] _id=6a9b092d485cab4c953f98b2 ts=2026-09-04T18:08:45.0650000Z; 30ms: wenyi090326-2.stratalog.logdata.json[4638] _id=6a9b092c485cab4c953f98a8 ts=2026-09-04T18:08:45.0310000Z -> wenyi090326-2.stratalog.logdata.json[4637] _id=6a9b092c485cab4c953f98aa ts=2026-09-04T18:08:45.0610000Z; 33ms: wenyi090326-2.stratalog.logdata.json[4536] _id=6a9b09cb485cab4c953f9974 ts=2026-09-04T18:11:23.6710000Z -> wenyi090326-2.stratalog.logdata.json[4534] _id=6a9b09cb485cab4c953f9978 ts=2026-09-04T18:11:23.7040000Z,,
INFO,Info,frequency,argumentationAnswerEvent,,unusually long gaps between records,"4 gap(s), longest 38m 47s",,38m 47s: wenyi090326-2.stratalog.logdata.json[1224] _id=6a9b1a29485cab4c953fb5de ts=2026-09-04T19:21:13.3040000Z -> wenyi090326-2.stratalog.logdata.json[263] _id=6a9b2340485cab4c953fc30e ts=2026-09-04T20:00:00.4630000Z; 38m 14s: wenyi090326-2.stratalog.logdata.json[3126] _id=6a9b1132485cab4c953fa6f6 ts=2026-09-04T18:42:58.9420000Z -> wenyi090326-2.stratalog.logdata.json[1224] _id=6a9b1a29485cab4c953fb5de ts=2026-09-04T19:21:13.3040000Z; 31m 21s: wenyi090326-2.stratalog.logdata.json[5503] _id=6a9b06a8485cab4c953f91e2 ts=2026-09-04T17:58:00.9190000Z -> wenyi090326-2.stratalog.logdata.json[3603] _id=6a9b0e02485cab4c953fa2c4 ts=2026-09-04T18:29:22.7850000Z,,
INFO,Info,frequency,argumentationEvent,,unusually long gaps between records,"4 gap(s), longest 38m 22s",,38m 22s: wenyi090326-2.stratalog.logdata.json[1219] _id=6a9b1a29485cab4c953fb5e6 ts=2026-09-04T19:21:13.3390000Z -> wenyi090326-2.stratalog.logdata.json[293] _id=6a9b2328485cab4c953fc2d0 ts=2026-09-04T19:59:36.1860000Z; 35m 21s: wenyi090326-2.stratalog.logdata.json[3121] _id=6a9b1132485cab4c953fa6fe ts=2026-09-04T18:42:58.9760000Z -> wenyi090326-2.stratalog.logdata.json[1286] _id=6a9b197c485cab4c953fb562 ts=2026-09-04T19:18:20.4210000Z; 30m 29s: wenyi090326-2.stratalog.logdata.json[5502] _id=6a9b06a8485cab4c953f91e4 ts=2026-09-04T17:58:00.9220000Z -> wenyi090326-2.stratalog.logdata.json[3636] _id=6a9b0dce485cab4c953fa228 ts=2026-09-04T18:28:30.3610000Z,,
INFO,Info,frequency,argumentationEvent,,very rapid consecutive records (possible duplicates or multi-fire),2 interval(s) ≤ 0.031s..0.032s shown,,31ms: wenyi090326-2.stratalog.logdata.json[3125] _id=6a9b1132485cab4c953fa6f8 ts=2026-09-04T18:42:58.9450000Z -> wenyi090326-2.stratalog.logdata.json[3121] _id=6a9b1132485cab4c953fa6fe ts=2026-09-04T18:42:58.9760000Z; 32ms: wenyi090326-2.stratalog.logdata.json[1223] _id=6a9b1a29485cab4c953fb5e0 ts=2026-09-04T19:21:13.3070000Z -> wenyi090326-2.stratalog.logdata.json[1219] _id=6a9b1a29485cab4c953fb5e6 ts=2026-09-04T19:21:13.3390000Z,,
INFO,Info,frequency,argumentationNodeEvent,,unusually long gaps between records,"4 gap(s), longest 38m 29s",,38m 29s: wenyi090326-2.stratalog.logdata.json[1226] _id=6a9b1a26485cab4c953fb5da ts=2026-09-04T19:21:10.8690000Z -> wenyi090326-2.stratalog.logdata.json[285] _id=6a9b232b485cab4c953fc2e2 ts=2026-09-04T19:59:39.8870000Z; 35m 28s: wenyi090326-2.stratalog.logdata.json[3130] _id=6a9b112f485cab4c953fa6ee ts=2026-09-04T18:42:55.4060000Z -> wenyi090326-2.stratalog.logdata.json[1282] _id=6a9b197f485cab4c953fb56a ts=2026-09-04T19:18:24.0230000Z; 21m 36s: wenyi090326-2.stratalog.logdata.json[5506] _id=6a9b06a6485cab4c953f91d8 ts=2026-09-04T17:57:59.0850000Z -> wenyi090326-2.stratalog.logdata.json[3999] _id=6a9b0bb7485cab4c953f9dc8 ts=2026-09-04T18:19:35.7210000Z,,
INFO,Info,frequency,argumentationNodeEvent,,very rapid consecutive records (possible duplicates or multi-fire),30 interval(s) ≤ 0.031s..0.032s shown,,31ms: wenyi090326-2.stratalog.logdata.json[5532] _id=6a9b068d485cab4c953f9166 ts=2026-09-04T17:57:33.2750000Z -> wenyi090326-2.stratalog.logdata.json[5531] _id=6a9b068d485cab4c953f9168 ts=2026-09-04T17:57:33.3060000Z; 31ms: wenyi090326-2.stratalog.logdata.json[5543] _id=6a9b0688485cab4c953f9128 ts=2026-09-04T17:57:28.3050000Z -> wenyi090326-2.stratalog.logdata.json[5542] _id=6a9b0688485cab4c953f912a ts=2026-09-04T17:57:28.3360000Z; 32ms: wenyi090326-2.stratalog.logdata.json[1266] _id=6a9b19c8485cab4c953fb58a ts=2026-09-04T19:19:36.8250000Z -> wenyi090326-2.stratalog.logdata.json[1265] _id=6a9b19c8485cab4c953fb58c ts=2026-09-04T19:19:36.8570000Z,,
INFO,Info,frequency,argumentationToolEvent,,unusually long gaps between records,"3 gap(s), longest 1h 16m",,1h 16m: wenyi090326-2.stratalog.logdata.json[3127] _id=6a9b1132485cab4c953fa6f4 ts=2026-09-04T18:42:58.4410000Z -> wenyi090326-2.stratalog.logdata.json[290] _id=6a9b2329485cab4c953fc2d6 ts=2026-09-04T19:59:37.2560000Z; 31m 12s: wenyi090326-2.stratalog.logdata.json[5504] _id=6a9b06a8485cab4c953f91dc ts=2026-09-04T17:58:00.4520000Z -> wenyi090326-2.stratalog.logdata.json[3616] _id=6a9b0df8485cab4c953fa2a2 ts=2026-09-04T18:29:12.6140000Z; 12m 5s: wenyi090326-2.stratalog.logdata.json[3613] _id=6a9b0dfa485cab4c953fa2a8 ts=2026-09-04T18:29:14.8480000Z -> wenyi090326-2.stratalog.logdata.json[3163] _id=6a9b10d0485cab4c953fa6ac ts=2026-09-04T18:41:20.7940000Z,,
INFO,Info,frequency,chatEvent,,unusually long gaps between records,"1 gap(s), longest 1h 7m",,1h 7m: wenyi090326-2.stratalog.logdata.json[4003] _id=6a9b0bb5485cab4c953f9dc0 ts=2026-09-04T18:19:33.2550000Z -> wenyi090326-2.stratalog.logdata.json[908] _id=6a9b1b97485cab4c953fb858 ts=2026-09-04T19:27:19.2840000Z,,
INFO,Info,frequency,chatEvent,,very rapid consecutive records (possible duplicates or multi-fire),1 interval(s) ≤ 0.001s..0.001s shown,,1ms: wenyi090326-2.stratalog.logdata.json[4017] _id=6a9b0bb1485cab4c953f9da4 ts=2026-09-04T18:19:29.6870000Z -> wenyi090326-2.stratalog.logdata.json[4016] _id=6a9b0bb1485cab4c953f9da6 ts=2026-09-04T18:19:29.6880000Z,,
INFO,Info,frequency,gameStartEvent,,unusually long gaps between records,"5 gap(s), longest 31m 7s",,31m 7s: wenyi090326-2.stratalog.logdata.json[5419] _id=6a9b0777485cab4c953f928e ts=2026-09-04T18:01:27.1580000Z -> wenyi090326-2.stratalog.logdata.json[3524] _id=6a9b0ec2485cab4c953fa3da ts=2026-09-04T18:32:35.1500000Z; 20m 44s: wenyi090326-2.stratalog.logdata.json[2117] _id=6a9b16b7485cab4c953faee2 ts=2026-09-04T19:06:32.2080000Z -> wenyi090326-2.stratalog.logdata.json[909] _id=6a9b1b94485cab4c953fb856 ts=2026-09-04T19:27:16.9830000Z; 14m 2s: wenyi090326-2.stratalog.logdata.json[5833] _id=6a9b042c485cab4c953f8586 ts=2026-09-04T17:47:25.0870000Z -> wenyi090326-2.stratalog.logdata.json[5419] _id=6a9b0777485cab4c953f928e ts=2026-09-04T18:01:27.1580000Z,,
INFO,Info,frequency,gameWindowFocusEvent,,unusually long gaps between records,"5 gap(s), longest 29m 37s",,29m 37s: wenyi090326-2.stratalog.logdata.json[4506] _id=6a9b0a90485cab4c953f99b0 ts=2026-09-04T18:14:40.7290000Z -> wenyi090326-2.stratalog.logdata.json[3081] _id=6a9b1182485cab4c953fa750 ts=2026-09-04T18:44:18.5230000Z; 24m 22s: wenyi090326-2.stratalog.logdata.json[2121] _id=6a9b168d485cab4c953faed8 ts=2026-09-04T19:05:49.2440000Z -> wenyi090326-2.stratalog.logdata.json[693] _id=6a9b1c43485cab4c953fba06 ts=2026-09-04T19:30:11.9480000Z; 19m 22s: wenyi090326-2.stratalog.logdata.json[5598] _id=6a9b0605485cab4c953f8f8a ts=2026-09-04T17:55:17.9300000Z -> wenyi090326-2.stratalog.logdata.json[4506] _id=6a9b0a90485cab4c953f99b0 ts=2026-09-04T18:14:40.7290000Z,,
INFO,Info,frequency,gameWindowUnfocusEvent,,unusually long gaps between records,"4 gap(s), longest 31m 55s",,31m 55s: wenyi090326-2.stratalog.logdata.json[4526] _id=6a9b09f6485cab4c953f9988 ts=2026-09-04T18:12:06.3390000Z -> wenyi090326-2.stratalog.logdata.json[3083] _id=6a9b1171485cab4c953fa74c ts=2026-09-04T18:44:01.7760000Z; 24m 33s: wenyi090326-2.stratalog.logdata.json[2123] _id=6a9b166d485cab4c953faed4 ts=2026-09-04T19:05:17.2600000Z -> wenyi090326-2.stratalog.logdata.json[696] _id=6a9b1c2e485cab4c953fba00 ts=2026-09-04T19:29:51.0870000Z; 17m 52s: wenyi090326-2.stratalog.logdata.json[374] _id=6a9b1f1a485cab4c953fbe00 ts=2026-09-04T19:42:19.1540000Z -> wenyi090326-2.stratalog.logdata.json[253] _id=6a9b234b485cab4c953fc322 ts=2026-09-04T20:00:12.0990000Z,,
INFO,Info,frequency,gameWindowUnfocusEvent,,very rapid consecutive records (possible duplicates or multi-fire),1 interval(s) ≤ 0.000s..0.000s shown,,0ms: wenyi090326-2.stratalog.logdata.json[3023] _id=6a9b11f3485cab4c953fa7c6 ts=2026-09-04T18:46:11.6570000Z -> wenyi090326-2.stratalog.logdata.json[3022] _id=6a9b120b485cab4c953fa7c8 ts=2026-09-04T18:46:11.657Z,,
INFO,Info,frequency,questEvent,,unusually long gaps between records,"1 gap(s), longest 24m 58s",,24m 58s: wenyi090326-2.stratalog.logdata.json[424] _id=6a9b1d6e485cab4c953fbc20 ts=2026-09-04T19:35:10.4140000Z -> wenyi090326-2.stratalog.logdata.json[256] _id=6a9b2348485cab4c953fc31a ts=2026-09-04T20:00:08.8020000Z,,
INFO,Info,frequency,questEvent,,very rapid consecutive records (possible duplicates or multi-fire),12 interval(s) ≤ 0.000s..0.001s shown,,0ms: wenyi090326-2.stratalog.logdata.json[212] _id=6a9b237f485cab4c953fc372 ts=2026-09-04T20:01:03.4260000Z -> wenyi090326-2.stratalog.logdata.json[213] _id=6a9b237f485cab4c953fc374 ts=2026-09-04T20:01:03.4260000Z; 1ms: wenyi090326-2.stratalog.logdata.json[1654] _id=6a9b1800485cab4c953fb282 ts=2026-09-04T19:12:00.5240000Z -> wenyi090326-2.stratalog.logdata.json[1653] _id=6a9b1800485cab4c953fb284 ts=2026-09-04T19:12:00.5250000Z; 1ms: wenyi090326-2.stratalog.logdata.json[1767] _id=6a9b17b6485cab4c953fb1a0 ts=2026-09-04T19:10:46.4550000Z -> wenyi090326-2.stratalog.logdata.json[1766] _id=6a9b17b6485cab4c953fb1a2 ts=2026-09-04T19:10:46.4560000Z,,
INFO,Info,regression,,,scene name(s) not present in baseline,<missing sceneName>,"renamed scene, new content, or new coverage",,,
INFO,Info,regression,DEBUGMenu,,event type not present in baseline 08-31-26,6 records this build,new logging or newly exercised content — review,,,
INFO,Info,regression,DaniEvent,data.toolName,baseline categorical value(s) not seen this build,Argumentation; Map,may simply not have been exercised — review,,,
INFO,Info,regression,DaniEvent,data.toolName,categorical value(s) not seen in baseline,; Settings,"new design, renamed value, or new coverage — review",,,
INFO,Info,regression,InputEvent,data.actionType,categorical value(s) not seen in baseline,Pause; ToggleDebug,"new design, renamed value, or new coverage — review",,,
INFO,Info,regression,InputEvent,data.key,categorical value(s) not seen in baseline,backquote; tab,"new design, renamed value, or new coverage — review",,,
INFO,Info,regression,ObjectInterEvent,data.actionType,baseline categorical value(s) not seen this build,Press E to pick up,may simply not have been exercised — review,,,
INFO,Info,regression,ObjectInterEvent,data.actionType,categorical value(s) not seen in baseline,Press E to Insert; Press E to place,"new design, renamed value, or new coverage — review",,,
INFO,Info,regression,PuzzlePieceVisibleEvent,data.pieceId,categorical value(s) not seen in baseline,Evaporation Puzzle Piece A; Evaporation Puzzle Piece B; Evaporation Puzzle Piece C; Evaporation Puzzle Piece D; Evaporation Puzzle Slot A; Evaporation Puzzle Slot B; Evaporation Puzzle Slot C; Evaporation Puzzle Slot D,"new design, renamed value, or new coverage — review",,,
INFO,Info,regression,TerasGardenBox,data.actionType,baseline categorical value(s) not seen this build,soilSelected,may simply not have been exercised — review,,,
INFO,Info,regression,TerasGardenBox,data.actionType,categorical value(s) not seen in baseline,,"new design, renamed value, or new coverage — review",,,
INFO,Info,regression,TerasGardenBox,data.soilType,baseline categorical value(s) not seen this build,Gravel,may simply not have been exercised — review,,,
INFO,Info,regression,TopographicMapEvent,,field(s) not present in baseline schema,data.legendName,,,,
INFO,Info,regression,TopographicMapEvent,data.actionType,categorical value(s) not seen in baseline,Selected; Unselected,"new design, renamed value, or new coverage — review",,,
INFO,Info,regression,TopographicMapEvent,data.featureUsed,categorical value(s) not seen in baseline,Legend,"new design, renamed value, or new coverage — review",,,
INFO,Info,regression,WaterChamberEvent,data.floor,baseline categorical value(s) not seen this build,3,may simply not have been exercised — review,,,
INFO,Info,regression,WaterChamberEvent,data.machineNumber,baseline categorical value(s) not seen this build,Two,may simply not have been exercised — review,,,
INFO,Info,regression,WaterChamberEvent,data.machineType,baseline categorical value(s) not seen this build,DualChamber_Condenser,may simply not have been exercised — review,,,
INFO,Info,regression,WaterChamberEvent,data.room,baseline categorical value(s) not seen this build,4,may simply not have been exercised — review,,,
INFO,Info,regression,argumentationNodeEvent,data.actionType,baseline categorical value(s) not seen this build,argumentationNodeRemove,may simply not have been exercised — review,,,
INFO,Info,regression,chatEvent,,field(s) not present in baseline schema,data.actionKey,,,,
INFO,Info,regression,chatEvent,,record volume changed 16.0x vs baseline,32 records,2 in 08-31-26,"regression candidate: gameplay length, coverage, or logging-rate change",,
INFO,Info,regression,chatEvent,data.actionType,categorical value(s) not seen in baseline,Open; ScrollStart,"new design, renamed value, or new coverage — review",,,
INFO,Info,regression,chatEvent,data.chatID,categorical value(s) not seen in baseline,"[18-102, 18-103, 18-105, 18-109, 18-110, 18-274]; [18-109, 18-110, 18-274, 18-112, 18-113, 18-114]; [18-112, 18-113, 18-114, 18-276, 18-277]; [18-114, 18-276, 18-277, 18-279, 18-116, 18-117]; [18-243, 18-118, 74-21, 23-1, 23-2, 23-3]; [18-279, 18-116, 18-117, 18-243, 18-118, 74-21]; [22-19, 22-20, 22-22, 22-46, 22-48, 22-27]; [22-46, 22-48, 22-27, 18-102, 18-103, 18-105]; [23-1, 23-2, 23-3, 23-4, 23-59, 23-61]; [23-17, 23-18, 23-20, 23-21, 23-70, 23-72]; [23-21, 23-70, 23-72, 23-73, 23-22, 23-24]; [23-59, 23-61, 23-63, 23-65, 23-67, 23-68]; [23-65, 23-67, 23-68, 23-69, 23-17, 23-18]; [23-73, 23-22, 23-24, 23-25, 23-27]","new design, renamed value, or new coverage — review",,,
INFO,Info,regression,crash,,event type not present in baseline 08-31-26,3 records this build,new logging or newly exercised content — review,,,
INFO,Info,scenes,Soil Key Puzzle,,event observed in scene(s) not listed in the specification — specification review required,Unit 2 Prod (Refactor) (12 records),Unit 3 Dev; Unit 4 Dev,,,08-13-26/Investigation-results/soil-key-puzzle-investigation.md
PASS,Info,scenes,TerasGardenBox,,all observed scenes match the specification,Unit 4 Dev,,,,08-13-26/Investigation-results/tara-garden-box.md
PASS,Info,scenes,WaterChamberEvent,,all observed scenes match the specification,Unit 5 Dev - Dungeon,,,,08-13-26/Investigation-results/water-chamber-event-investigation.md
PASS,Info,scenes,soilMachine,,all observed scenes match the specification,Unit 4 Dev - Dungeon,,,,08-13-26/Investigation-results/soil-machine-investigation.md
PASS,Info,schema,DEBUGMenu,data.actionType,required field present in all records,6 of 6,,,,observed data
PASS,Info,schema,DEBUGMenu,data.isOpened,required field present in all records,6 of 6,,,,observed data
PASS,Info,schema,DaniEvent,data.actionType,required field present in all records,16 of 16,,,,08-13-26/Investigation-results/dani-event-investigation.md
PASS,Info,schema,DaniEvent,data.toolName,required field present in all records,16 of 16,,,,08-13-26/Investigation-results/dani-event-investigation.md
PASS,Info,schema,DialogueEvent,data.conversationId,required field present in all records,1737 of 1737,,,,observed data (dialogue-event PDF not machine-readable)
PASS,Info,schema,DialogueEvent,data.dialogueEventType,required field present in all records,1737 of 1737,,,,observed data (dialogue-event PDF not machine-readable)
PASS,Info,schema,DialogueEvent,data.nodeId,conditional field present when dialogueEventType='DialogueNodeEvent',1117 applicable records,,,,observed data (dialogue-event PDF not machine-readable)
PASS,Info,schema,EndOfUnit,data.Unit,required field present in all records,5 of 5,,,,observed data
PASS,Info,schema,InputEvent,data.Value,required field present in all records,1630 of 1630,,,,observed data (input-event PDF not machine-readable)
PASS,Info,schema,InputEvent,data.actionType,required field present in all records,1630 of 1630,,,,observed data (input-event PDF not machine-readable)
PASS,Info,schema,InputEvent,data.key,required field present in all records,1630 of 1630,,,,observed data (input-event PDF not machine-readable)
PASS,Info,schema,InputEvent,data.playerOrDrone,required field present in all records,1630 of 1630,,,,observed data (input-event PDF not machine-readable)
PASS,Info,schema,ObjectInterEvent,data.actionType,required field present in all records,178 of 178,,,,08-13-26/Investigation-results/objectinter-event-investigation.md
PASS,Info,schema,ObjectInterEvent,data.objectName,required field present in all records,178 of 178,,,,08-13-26/Investigation-results/objectinter-event-investigation.md
PASS,Info,schema,PlayerPositionEvent,data.position.x,required field present in all records,638 of 638,,,,08-13-26/Investigation-results/position-event-investigation.md
PASS,Info,schema,PlayerPositionEvent,data.position.y,required field present in all records,638 of 638,,,,08-13-26/Investigation-results/position-event-investigation.md
PASS,Info,schema,PlayerPositionEvent,data.position.z,required field present in all records,638 of 638,,,,08-13-26/Investigation-results/position-event-investigation.md
PASS,Info,schema,PuzzlePieceVisibleEvent,data.actionType,required field present in all records,1182 of 1182,,,,08-13-26/Investigation-results/puzzle-piece-visible-event.md
PASS,Info,schema,PuzzlePieceVisibleEvent,data.pieceId,required field present in all records,1182 of 1182,,,,08-13-26/Investigation-results/puzzle-piece-visible-event.md
PASS,Info,schema,PuzzlePieceVisibleEvent,data.timestamp,required field present in all records,1182 of 1182,,,,08-13-26/Investigation-results/puzzle-piece-visible-event.md
PASS,Info,schema,Soil Key Puzzle,data.Unit,"conditional field present when Soil Key Puzzle Status=['Started', 'Finished']",8 applicable records,,,,08-13-26/Investigation-results/soil-key-puzzle-investigation.md
PASS,Info,schema,Soil Key Puzzle,data.currentSoilType,"conditional field present when actionType=['LeftDrag', 'RightDrag']",28 applicable records,,,,08-13-26/Investigation-results/soil-key-puzzle-investigation.md
PASS,Info,schema,Soil Key Puzzle,data.isCorrectSelection,"conditional field present when actionType=['LeftDrag', 'RightDrag']",28 applicable records,,,,08-13-26/Investigation-results/soil-key-puzzle-investigation.md
PASS,Info,schema,Soil Key Puzzle,data.waterLevelStatus,"conditional field present when actionType=['LeftDrag', 'RightDrag']",28 applicable records,,,,08-13-26/Investigation-results/soil-key-puzzle-investigation.md
PASS,Info,schema,Soil Key Puzzle,data.waterRetentionChange,"conditional field present when actionType=['LeftDrag', 'RightDrag']",28 applicable records,,,,08-13-26/Investigation-results/soil-key-puzzle-investigation.md
PASS,Info,schema,SolarStillDesignEvent,data.actionType,required field present in all records,4 of 4,,,,observed data 08-25-26 (first appearance; no written spec yet)
PASS,Info,schema,SolarStillDesignEvent,data.designSelections,conditional field present when actionType='DesignSubmitted',1 applicable records,,,,observed data 08-25-26 (first appearance; no written spec yet)
PASS,Info,schema,SolarStillDesignEvent,data.featureUsed,required field present in all records,4 of 4,,,,observed data 08-25-26 (first appearance; no written spec yet)
PASS,Info,schema,SolarStillDesignEvent,data.selectedOption,conditional field present when actionType='optionSelected',3 applicable records,,,,observed data 08-25-26 (first appearance; no written spec yet)
PASS,Info,schema,TerasGardenBox,data.actionType,required field present in all records,8 of 8,,,,08-13-26/Investigation-results/tara-garden-box.md
PASS,Info,schema,TerasGardenBox,data.boxId,conditional field present when actionType='cameraPlaced',4 applicable records,,,,08-13-26/Investigation-results/tara-garden-box.md
PASS,Info,schema,TerasGardenBox,data.soilType,required field present in all records,8 of 8,,,,08-13-26/Investigation-results/tara-garden-box.md
PASS,Info,schema,TopographicMapEvent,data.actionType,required field present in all records,44 of 44,,,,08-13-26/Investigation-results/topographic-map-event-investigation.md
PASS,Info,schema,TopographicMapEvent,data.featureUsed,required field present in all records,44 of 44,,,,08-13-26/Investigation-results/topographic-map-event-investigation.md
INFO,Info,schema,TopographicMapEvent,data.legendName,field present in only part of the records,3 of 44 records contain data.legendName,declare as conditional/optional in config if intended,,wenyi090326-2.stratalog.logdata.json[5303] _id=6a9b07eb485cab4c953f9326 ts=2026-09-04T18:03:23.2910000Z | wenyi090326-2.stratalog.logdata.json[5297] _id=6a9b07f2485cab4c953f9332 ts=2026-09-04T18:03:30.1930000Z | wenyi090326-2.stratalog.logdata.json[4641] _id=6a9b0922485cab4c953f98a2 ts=2026-09-04T18:08:34.7230000Z,
PASS,Info,schema,WaterChamberEvent,data.actionType,required field present in all records,12 of 12,,,,08-13-26/Investigation-results/water-chamber-event-investigation.md
PASS,Info,schema,WaterChamberEvent,data.floor,required field present in all records,12 of 12,,,,08-13-26/Investigation-results/water-chamber-event-investigation.md
PASS,Info,schema,WaterChamberEvent,data.machineNumber,required field present in all records,12 of 12,,,,08-13-26/Investigation-results/water-chamber-event-investigation.md
PASS,Info,schema,WaterChamberEvent,data.machineType,required field present in all records,12 of 12,,,,08-13-26/Investigation-results/water-chamber-event-investigation.md
PASS,Info,schema,WaterChamberEvent,data.room,required field present in all records,12 of 12,,,,08-13-26/Investigation-results/water-chamber-event-investigation.md
PASS,Info,schema,argumentationAnswerEvent,data.actionType,required field present in all records,6 of 6,,,,08-13-26/Investigation-results/argumentation-answer-event-investigation.md
PASS,Info,schema,argumentationAnswerEvent,data.answerSubmitted,required field present in all records,6 of 6,,,,08-13-26/Investigation-results/argumentation-answer-event-investigation.md
PASS,Info,schema,argumentationAnswerEvent,data.argumentationTitle,required field present in all records,6 of 6,,,,08-13-26/Investigation-results/argumentation-answer-event-investigation.md
PASS,Info,schema,argumentationEvent,data.actionType,required field present in all records,14 of 14,,,,08-13-26/Investigation-results/argumentation-event-investigation.md
PASS,Info,schema,argumentationEvent,data.argumentationDescription,required field present in all records,14 of 14,,,,08-13-26/Investigation-results/argumentation-event-investigation.md
PASS,Info,schema,argumentationEvent,data.argumentationTitle,required field present in all records,14 of 14,,,,08-13-26/Investigation-results/argumentation-event-investigation.md
PASS,Info,schema,argumentationNodeEvent,data.actionType,required field present in all records,133 of 133,,,,08-13-26/Investigation-results/argumentation-node-event-investigation.md
PASS,Info,schema,argumentationNodeEvent,data.argumentationTitle,required field present in all records,133 of 133,,,,08-13-26/Investigation-results/argumentation-node-event-investigation.md
PASS,Info,schema,argumentationNodeEvent,data.nodeName,required field present in all records,133 of 133,,,,08-13-26/Investigation-results/argumentation-node-event-investigation.md
PASS,Info,schema,argumentationToolEvent,data.actionType,required field present in all records,19 of 19,,,,08-13-26/Investigation-results/argumentation-tool-event-investigation.md
PASS,Info,schema,argumentationToolEvent,data.argumentationTitle,required field present in all records,19 of 19,,,,08-13-26/Investigation-results/argumentation-tool-event-investigation.md
PASS,Info,schema,argumentationToolEvent,data.toolName,required field present in all records,19 of 19,,,,08-13-26/Investigation-results/argumentation-tool-event-investigation.md
PASS,Info,schema,chatEvent,data.chatID,required field present in all records,32 of 32,,,,08-13-26/Investigation-results/chat-event-investigation.md
PASS,Info,schema,questEvent,data.questEventType,required field present in all records,69 of 69,,,,08-13-26/Investigation-results/quest-event-investigation.md
PASS,Info,schema,questEvent,data.questID,required field present in all records,69 of 69,,,,08-13-26/Investigation-results/quest-event-investigation.md
PASS,Info,schema,questEvent,data.questName,required field present in all records,69 of 69,,,,08-13-26/Investigation-results/quest-event-investigation.md
PASS,Info,schema,questEvent,data.questSuccessOrFailure,conditional field present when questEventType='questFinishEvent',32 applicable records,,,,08-13-26/Investigation-results/quest-event-investigation.md
PASS,Info,schema,questEvent,eventKey,eventKey matches its documented format,69 records checked,{data.questEventType}:{data.questID},,,08-13-26/Investigation-results/quest-event-investigation.md
PASS,Info,schema,soilMachine,data.actionType,required field present in all records,5 of 5,,,,08-13-26/Investigation-results/soil-machine-investigation.md
PASS,Info,schema,soilMachine,data.canisterType,required field present in all records,5 of 5,,,,08-13-26/Investigation-results/soil-machine-investigation.md
PASS,Info,schema,soilMachine,data.floor,required field present in all records,5 of 5,,,,08-13-26/Investigation-results/soil-machine-investigation.md
PASS,Info,schema,soilMachine,data.machine,required field present in all records,5 of 5,,,,08-13-26/Investigation-results/soil-machine-investigation.md
PASS,Info,schema,soilMachine,data.row,required field present in all records,5 of 5,,,,08-13-26/Investigation-results/soil-machine-investigation.md
INFO,Info,semantics,DaniEvent,,known issue (tracked in config): toolName is sometimes an empty string (22 of 91 records on 08-13-26) — the tool being opened/closed cannot be identified for those records,,verify whether it still occurs in this build (see schema/values findings),,,08-13-26/Investigation-results/dani-event-investigation.md
INFO,Info,semantics,ObjectInterEvent,,"known issue (tracked in config): actionType uses two phrasings for talking ('TalkTo' vs 'E to Talk') — naming inconsistency, not merged pending dev confirmation",,verify whether it still occurs in this build (see schema/values findings),,,08-13-26/Investigation-results/objectinter-event-investigation.md
PASS,Info,semantics,SolarStillDesignEvent,,sufficient information: Can the player's solar still design attempt be reconstructed (each option chosen plus the final submitted design)?,"fields present: featureUsed, selectedOption, designSelections.roofStyle, designSelections.roofCovering, designSelections.glassRoofTemperature",,,,observed data 08-25-26 (first appearance; no written spec yet)
INFO,Info,semantics,TerasGardenBox,,known issue (tracked in config): boxID (soilSelected) vs boxId (cameraPlaced) capitalization inconsistency — dashboards expecting one spelling will miss half the records; also see docs/issues_and_updates.md issue 1 (U4P6 box-id scheme mismatch),,verify whether it still occurs in this build (see schema/values findings),,,08-13-26/Investigation-results/tara-garden-box.md
PASS,Info,semantics,argumentationAnswerEvent,,sufficient information: Can the exact submitted argument be reconstructed?,"fields present: answerSubmitted, argumentationTitle",,,,08-13-26/Investigation-results/argumentation-answer-event-investigation.md
INFO,Info,semantics,argumentationEvent,,"known issue (tracked in config): U3 description string contains stray quoting: 'U3 – Pollution Upstream"" equals ""Where is the pollution site probably located?'",,verify whether it still occurs in this build (see schema/values findings),,,08-13-26/Investigation-results/argumentation-event-investigation.md
INFO,Info,semantics,argumentationToolEvent,,known issue (tracked in config): a truncated toolName 'BackingInfoPanel - ' (nothing after the hyphen) was observed on 08-13-26 in Unit 1 - Freshwater,,verify whether it still occurs in this build (see schema/values findings),,,08-13-26/Investigation-results/argumentation-tool-event-investigation.md
INFO,Info,semantics,argumentationToolEvent,,known issue (tracked in config): far more opens than closes on 08-13-26 (12 vs 2) — closes appear under-logged,,verify whether it still occurs in this build (see schema/values findings),,,08-13-26/Investigation-results/argumentation-tool-event-investigation.md
INFO,Info,semantics,chatEvent,,known issue (tracked in config): ScrollStart is logged under data.actionType but ScrollStop under data.actionKey — inconsistent field naming for the same interaction,,verify whether it still occurs in this build (see schema/values findings),,,08-13-26/Investigation-results/chat-event-investigation.md
INFO,Info,semantics,chatEvent,,known issue (tracked in config): chatID is the string 'NA' for ScrollStart records,,verify whether it still occurs in this build (see schema/values findings),,,08-13-26/Investigation-results/chat-event-investigation.md
INFO,Info,semantics,gameStartEvent,,"known issue (tracked in config): data payload is {"""": true} — the field name is an empty string",,verify whether it still occurs in this build (see schema/values findings),,,observed data
INFO,Info,semantics,gameWindowFocusEvent,,"known issue (tracked in config): data payload is {"""": true} — the field name is an empty string",,verify whether it still occurs in this build (see schema/values findings),,,observed data
INFO,Info,semantics,gameWindowUnfocusEvent,,"known issue (tracked in config): data payload is {"""": false} — the field name is an empty string",,verify whether it still occurs in this build (see schema/values findings),,,observed data
PASS,Info,sequence,DaniEvent,actionType,tool open/close: open/close events pair correctly,8 open / 8 close,,,,08-13-26/Investigation-results/dani-event-investigation.md
INFO,Info,sequence,DialogueEvent,dialogueEventType,dialogue lifecycle: start(s) never finishd (may be legitimate at session end),"16 unmatched 'DialogueStartEvent' (totals: 312 start, 308 finish)",,,,observed data (dialogue-event PDF not machine-readable)
INFO,Info,sequence,PuzzlePieceVisibleEvent,actionType,camera centering: open(s) never closed (may be legitimate at session end),"6 unmatched 'BecameCameraCentered' (totals: 241 open, 242 close)",,,,08-13-26/Investigation-results/puzzle-piece-visible-event.md
INFO,Info,sequence,PuzzlePieceVisibleEvent,actionType,piece visibility: open(s) never closed (may be legitimate at session end),"23 unmatched 'BecameVisible' (totals: 357 open, 342 close)",,,,08-13-26/Investigation-results/puzzle-piece-visible-event.md
PASS,Info,sequence,Soil Key Puzzle,Soil Key Puzzle Status,puzzle start/finish: open/close events pair correctly,4 open / 4 close,,,,08-13-26/Investigation-results/soil-key-puzzle-investigation.md
PASS,Info,sequence,TopographicMapEvent,actionType,map open/close: open/close events pair correctly,13 open / 13 close,,,,08-13-26/Investigation-results/topographic-map-event-investigation.md
INFO,Info,sequence,argumentationToolEvent,actionType,backing-info panel: open(s) never closed (may be legitimate at session end),"13 unmatched 'argumentationToolOpen' (totals: 16 open, 3 close)",,,,08-13-26/Investigation-results/argumentation-tool-event-investigation.md
INFO,Info,sequence,questEvent,questEventType,quest lifecycle: start(s) never finishd (may be legitimate at session end),"8 unmatched 'questActiveEvent' (totals: 37 start, 32 finish)",,,,08-13-26/Investigation-results/quest-event-investigation.md
INFO,Info,temporal,,,_id (arrival) order disagrees with client-timestamp order,160 of 5833 adjacent _id pairs reverse in client time; worst 39.1s,expected for batched uploads; audits sort by client timestamp,,wenyi090326-2.stratalog.logdata.json[5223] _id=6a9b0801485cab4c953f9394 ts=2026-09-04T18:03:45.7520000Z | wenyi090326-2.stratalog.logdata.json[5314] _id=6a9b0801485cab4c953f9396 ts=2026-09-04T18:03:06.6480000Z,
INFO,Info,temporal,,,client vs server timestamp skew,"median +0.17s, min -39.21s, max +0.24s over 5834 records",small constant skew; large negatives = delayed uploads,,,
PASS,Info,values,DEBUGMenu,data.actionType,all observed values are within the specification,"""DebugMenuStateChanged"" (6x)",,,,observed data
PASS,Info,values,DaniEvent,data.actionType,all observed values are within the specification,"""Close"" (8x); ""Open"" (8x)",,,,08-13-26/Investigation-results/dani-event-investigation.md
PASS,Info,values,DaniEvent,data.toolName,all observed values are within the specification,""""" (14x); ""Settings"" (2x)",,,,08-13-26/Investigation-results/dani-event-investigation.md
INFO,Info,values,DaniEvent,data.toolName,specified value(s) never observed this build,"absent: Argumentation, Chat, Map",may be normal if that interaction was not used,,,08-13-26/Investigation-results/dani-event-investigation.md
PASS,Info,values,DialogueEvent,data.dialogueEventType,all observed values are within the specification,"""DialogueFinishEvent"" (308x); ""DialogueNodeEvent"" (1117x); ""DialogueStartEvent"" (312x)",,,,observed data (dialogue-event PDF not machine-readable)
PASS,Info,values,EndOfUnit,data.Unit,all observed values are within the specification,"""1"" (1x); ""2"" (1x); ""3"" (1x); ""4"" (1x); ""5"" (1x)",,,,observed data
PASS,Info,values,InputEvent,data.Value,all observed values are within the specification,"""pressed"" (1630x)",,,,observed data (input-event PDF not machine-readable)
PASS,Info,values,InputEvent,data.playerOrDrone,all observed values are within the specification,"""Drone"" (240x); ""Player"" (1390x)",,,,observed data (input-event PDF not machine-readable)
PASS,Info,values,PuzzlePieceVisibleEvent,data.actionType,all observed values are within the specification,"""BecameCameraCentered"" (241x); ""BecameCameraUncentered"" (242x); ""BecameInvisible"" (342x); ""BecameVisible"" (357x)",,,,08-13-26/Investigation-results/puzzle-piece-visible-event.md
PASS,Info,values,Soil Key Puzzle,data.Soil Key Puzzle Status,all observed values are within the specification,"""Finished"" (4x); ""Started"" (4x)",,,,08-13-26/Investigation-results/soil-key-puzzle-investigation.md
PASS,Info,values,Soil Key Puzzle,data.actionType,all observed values are within the specification,"""LeftDrag"" (11x); ""RightDrag"" (17x)",,,,08-13-26/Investigation-results/soil-key-puzzle-investigation.md
PASS,Info,values,Soil Key Puzzle,data.currentSoilType,all observed values are within the specification,"""BEDROCK"" (1x); ""CLAY"" (5x); ""CLAYROCK"" (4x); ""CLAYSAND"" (5x); ""GRAVEL"" (2x); ""SAND"" (6x); ""SANDGRAVEL"" (5x)",,,,08-13-26/Investigation-results/soil-key-puzzle-investigation.md
PASS,Info,values,Soil Key Puzzle,data.isCorrectSelection,all observed values are within the specification,"""false"" (22x); ""true"" (6x)",,,,08-13-26/Investigation-results/soil-key-puzzle-investigation.md
PASS,Info,values,Soil Key Puzzle,data.waterLevelStatus,all observed values are within the specification,"""Proper"" (9x); ""TooHigh"" (12x); ""TooLow"" (7x)",,,,08-13-26/Investigation-results/soil-key-puzzle-investigation.md
PASS,Info,values,Soil Key Puzzle,data.waterRetentionChange,all observed values are within the specification,"""Decrease"" (13x); ""Increase"" (9x); ""NoChange"" (6x)",,,,08-13-26/Investigation-results/soil-key-puzzle-investigation.md
PASS,Info,values,SolarStillDesignEvent,data.actionType,all observed values are within the specification,"""DesignSubmitted"" (1x); ""optionSelected"" (3x)",,,,observed data 08-25-26 (first appearance; no written spec yet)
INFO,Info,values,TerasGardenBox,data.actionType,specified value(s) never observed this build,absent: soilSelected,may be normal if that interaction was not used,,,08-13-26/Investigation-results/tara-garden-box.md
INFO,Info,values,TerasGardenBox,data.actionType,value(s) not in the current specification — specification review required,""""" (4x)","soilSelected, cameraPlaced",,,08-13-26/Investigation-results/tara-garden-box.md
PASS,Info,values,TerasGardenBox,data.soilType,all observed values are within the specification,"""Clay"" (4x); ""Sand"" (4x)",,,,08-13-26/Investigation-results/tara-garden-box.md
INFO,Info,values,TerasGardenBox,data.soilType,specified value(s) never observed this build,absent: Gravel,may be normal if that interaction was not used,,,08-13-26/Investigation-results/tara-garden-box.md
INFO,Info,values,TopographicMapEvent,data.actionType,specified value(s) never observed this build,absent: dragEnd,may be normal if that interaction was not used,,,08-13-26/Investigation-results/topographic-map-event-investigation.md
INFO,Info,values,TopographicMapEvent,data.actionType,value(s) not in the current specification — specification review required,"""Selected"" (2x); ""Unselected"" (1x); ""WaypointMoveEvent"" (10x); ""WaypointResetEvent"" (2x); ""WaypointSetEvent"" (3x)","MapOpenEvent, MapCloseEvent, dragEnd",,,08-13-26/Investigation-results/topographic-map-event-investigation.md
INFO,Info,values,TopographicMapEvent,data.featureUsed,specified value(s) never observed this build,absent: waypoint,may be normal if that interaction was not used,,,08-13-26/Investigation-results/topographic-map-event-investigation.md
INFO,Info,values,TopographicMapEvent,data.featureUsed,value(s) not in the current specification — specification review required,"""Legend"" (3x); ""Waypoint"" (15x)","Map, waypoint",,,08-13-26/Investigation-results/topographic-map-event-investigation.md
PASS,Info,values,WaterChamberEvent,data.actionType,all observed values are within the specification,"""Off"" (2x); ""On"" (10x)",,,,08-13-26/Investigation-results/water-chamber-event-investigation.md
PASS,Info,values,WaterChamberEvent,data.machineNumber,all observed values are within the specification,"""One"" (12x)",,,,08-13-26/Investigation-results/water-chamber-event-investigation.md
INFO,Info,values,WaterChamberEvent,data.machineNumber,specified value(s) never observed this build,absent: Two,may be normal if that interaction was not used,,,08-13-26/Investigation-results/water-chamber-event-investigation.md
PASS,Info,values,WaterChamberEvent,data.machineType,all observed values are within the specification,"""Condenser"" (5x); ""Evaporator"" (6x); ""VentSwitch"" (1x)",,,,08-13-26/Investigation-results/water-chamber-event-investigation.md
INFO,Info,values,WaterChamberEvent,data.machineType,specified value(s) never observed this build,"absent: DualChamber_Condenser, DualChamber_Evaporator",may be normal if that interaction was not used,,,08-13-26/Investigation-results/water-chamber-event-investigation.md
PASS,Info,values,argumentationAnswerEvent,data.actionType,all observed values are within the specification,"""submitAnswerEvent"" (6x)",,,,08-13-26/Investigation-results/argumentation-answer-event-investigation.md
PASS,Info,values,argumentationEvent,data.actionType,all observed values are within the specification,"""argumentationSessionClose"" (8x); ""argumentationSessionOpen"" (6x)",,,,08-13-26/Investigation-results/argumentation-event-investigation.md
PASS,Info,values,argumentationNodeEvent,data.actionType,all observed values are within the specification,"""argumentationNodeAdd"" (19x); ""argumentationNodeHoverEnd"" (58x); ""argumentationNodeHoverStart"" (56x)",,,,08-13-26/Investigation-results/argumentation-node-event-investigation.md
PASS,Info,values,argumentationToolEvent,data.actionType,all observed values are within the specification,"""argumentationToolClose"" (3x); ""argumentationToolOpen"" (16x)",,,,08-13-26/Investigation-results/argumentation-tool-event-investigation.md
PASS,Info,values,chatEvent,data.actionKey,all observed values are within the specification,"""ScrollStop"" (14x)",,,,08-13-26/Investigation-results/chat-event-investigation.md
PASS,Info,values,chatEvent,data.actionType,all observed values are within the specification,"""Close"" (3x); ""Open"" (1x); ""ScrollStart"" (14x)",,,,08-13-26/Investigation-results/chat-event-investigation.md
PASS,Info,values,questEvent,data.questEventType,all observed values are within the specification,"""questActiveEvent"" (37x); ""questFinishEvent"" (32x)",,,,08-13-26/Investigation-results/quest-event-investigation.md
PASS,Info,values,questEvent,data.questSuccessOrFailure,all observed values are within the specification,"""Succeeded"" (32x)",,,,08-13-26/Investigation-results/quest-event-investigation.md
PASS,Info,values,soilMachine,data.actionType,all observed values are within the specification,"""ChangeCanister"" (5x)",,,,08-13-26/Investigation-results/soil-machine-investigation.md
PASS,Info,values,soilMachine,data.canisterType,all observed values are within the specification,"""Clay"" (2x); ""Gravel"" (2x); ""Sand"" (1x)",,,,08-13-26/Investigation-results/soil-machine-investigation.md
PASS,Info,values,soilMachine,data.row,all observed values are within the specification,"""BottomRow"" (1x); ""TopRow"" (4x)",,,,08-13-26/Investigation-results/soil-machine-investigation.md
