eventType,sceneName,record_count,first_timestamp,last_timestamp,span_in_scene
DEBUGMenu,Unit 3 Dev,2,2026-09-05T22:36:53.195000+00:00,2026-09-05T22:36:57.285000+00:00,4.1s
DEBUGMenu,Unit 5 Dev - Dungeon,2,2026-09-05T23:46:50.829000+00:00,2026-09-05T23:46:55.914000+00:00,5.1s
DialogueEvent,Unit 1 Dev,347,2026-09-05T21:11:02.332000+00:00,2026-09-05T21:34:38.627000+00:00,23m 36s
DialogueEvent,Unit 2 Prod (Refactor),666,2026-09-05T21:35:54.544000+00:00,2026-09-05T22:14:18.640000+00:00,38m 24s
DialogueEvent,Unit 3 Dev,459,2026-09-05T22:15:11.662000+00:00,2026-09-05T22:51:13.189000+00:00,36m 1s
DialogueEvent,Unit 3 Dungeon Dev,116,2026-09-05T22:37:29.445000+00:00,2026-09-05T22:45:20.344000+00:00,7m 50s
DialogueEvent,Unit 4 Dev,285,2026-09-05T22:52:00.612000+00:00,2026-09-05T23:35:43.749000+00:00,43m 43s
DialogueEvent,Unit 4 Dev - Anderson Base,135,2026-09-05T23:23:55.021000+00:00,2026-09-05T23:31:05.084000+00:00,7m 10s
DialogueEvent,Unit 4 Dev - Dungeon,99,2026-09-05T23:02:37.733000+00:00,2026-09-05T23:20:26.201000+00:00,17m 48s
DialogueEvent,Unit 5 Dev,264,2026-09-05T23:53:24.014000+00:00,2026-09-06T00:00:03.520000+00:00,6m 39s
DialogueEvent,Unit 5 Dev - Dungeon,137,2026-09-05T23:36:37.207000+00:00,2026-09-05T23:52:53.651000+00:00,16m 16s
EndOfUnit,Unit 1 Dev,1,2026-09-05T21:34:41.060000+00:00,2026-09-05T21:34:41.060000+00:00,0.0s
EndOfUnit,Unit 2 Prod (Refactor),1,2026-09-05T22:14:18.637000+00:00,2026-09-05T22:14:18.637000+00:00,0.0s
EndOfUnit,Unit 3 Dev,1,2026-09-05T22:51:13.187000+00:00,2026-09-05T22:51:13.187000+00:00,0.0s
EndOfUnit,Unit 4 Dev,1,2026-09-05T23:35:43.747000+00:00,2026-09-05T23:35:43.747000+00:00,0.0s
EndOfUnit,Unit 5 Dev,1,2026-09-06T00:00:16.991000+00:00,2026-09-06T00:00:16.991000+00:00,0.0s
InputEvent,Unit 1 Dev,237,2026-09-05T21:12:09.234000+00:00,2026-09-05T21:33:58.893000+00:00,21m 49s
InputEvent,Unit 2 Prod (Refactor),649,2026-09-05T21:36:10.082000+00:00,2026-09-05T22:14:13.068000+00:00,38m 2s
InputEvent,Unit 3 Dev,657,2026-09-05T22:16:35.565000+00:00,2026-09-05T22:51:09.384000+00:00,34m 33s
InputEvent,Unit 3 Dungeon Dev,212,2026-09-05T22:37:02.947000+00:00,2026-09-05T22:45:36.032000+00:00,8m 33s
InputEvent,Unit 4 Dev,341,2026-09-05T22:52:00.608000+00:00,2026-09-05T23:35:31.574000+00:00,43m 30s
InputEvent,Unit 4 Dev - Anderson Base,30,2026-09-05T23:23:53.975000+00:00,2026-09-05T23:25:18.570000+00:00,1m 24s
InputEvent,Unit 4 Dev - Dungeon,424,2026-09-05T23:08:54.544000+00:00,2026-09-05T23:20:38.040000+00:00,11m 43s
InputEvent,Unit 5 Dev,105,2026-09-05T23:53:39.553000+00:00,2026-09-06T00:00:16.993000+00:00,6m 37s
InputEvent,Unit 5 Dev - Dungeon,527,2026-09-05T23:36:36.306000+00:00,2026-09-05T23:52:47.179000+00:00,16m 10s
ObjectInterEvent,Unit 1 Dev,25,2026-09-05T21:10:45.695000+00:00,2026-09-05T21:33:59.593000+00:00,23m 13s
ObjectInterEvent,Unit 2 Prod (Refactor),36,2026-09-05T21:37:04.420000+00:00,2026-09-05T22:08:45.388000+00:00,31m 40s
ObjectInterEvent,Unit 3 Dev,12,2026-09-05T22:17:08.380000+00:00,2026-09-05T22:51:10.256000+00:00,34m 1s
ObjectInterEvent,Unit 3 Dungeon Dev,25,2026-09-05T22:37:14.503000+00:00,2026-09-05T22:42:10.554000+00:00,4m 56s
ObjectInterEvent,Unit 4 Dev,20,2026-09-05T22:56:57.063000+00:00,2026-09-05T23:35:32.211000+00:00,38m 35s
ObjectInterEvent,Unit 4 Dev - Anderson Base,9,2026-09-05T23:24:21.947000+00:00,2026-09-05T23:25:21.108000+00:00,59.2s
ObjectInterEvent,Unit 4 Dev - Dungeon,87,2026-09-05T23:08:59.367000+00:00,2026-09-05T23:20:38.039000+00:00,11m 38s
ObjectInterEvent,Unit 5 Dev,9,2026-09-05T23:54:04.302000+00:00,2026-09-06T00:00:16.993000+00:00,6m 12s
ObjectInterEvent,Unit 5 Dev - Dungeon,17,2026-09-05T23:41:24.107000+00:00,2026-09-05T23:50:03.035000+00:00,8m 38s
PlayerPositionEvent,Unit 1 Dev,135,2026-09-05T21:10:45.693000+00:00,2026-09-05T21:34:36.761000+00:00,23m 51s
PlayerPositionEvent,Unit 2 Prod (Refactor),226,2026-09-05T21:35:52.550000+00:00,2026-09-05T22:14:09.433000+00:00,38m 16s
PlayerPositionEvent,Unit 3 Dev,161,2026-09-05T22:15:03.052000+00:00,2026-09-05T22:51:11.952000+00:00,36m 8s
PlayerPositionEvent,Unit 3 Dungeon Dev,52,2026-09-05T22:36:59.238000+00:00,2026-09-05T22:45:29.495000+00:00,8m 30s
PlayerPositionEvent,Unit 4 Dev,113,2026-09-05T22:51:45.536000+00:00,2026-09-05T23:35:39.844000+00:00,43m 54s
PlayerPositionEvent,Unit 4 Dev - Anderson Base,44,2026-09-05T23:23:53.973000+00:00,2026-09-05T23:31:04.015000+00:00,7m 10s
PlayerPositionEvent,Unit 4 Dev - Dungeon,101,2026-09-05T23:02:37.742000+00:00,2026-09-05T23:20:37.405000+00:00,17m 59s
PlayerPositionEvent,Unit 5 Dev,43,2026-09-05T23:53:07.708000+00:00,2026-09-06T00:00:15.757000+00:00,7m 8s
PlayerPositionEvent,Unit 5 Dev - Dungeon,99,2026-09-05T23:36:27.301000+00:00,2026-09-05T23:52:52.982000+00:00,16m 25s
PuzzlePieceVisibleEvent,Unit 2 Prod (Refactor),1778,2026-09-05T21:37:16.727000+00:00,2026-09-05T21:59:14.792000+00:00,21m 58s
PuzzlePieceVisibleEvent,Unit 3 Dungeon Dev,138,2026-09-05T22:36:59.242000+00:00,2026-09-05T22:37:57.689000+00:00,58.4s
PuzzlePieceVisibleEvent,Unit 4 Dev,1042,2026-09-05T22:59:16.560000+00:00,2026-09-05T23:21:54.557000+00:00,22m 37s
PuzzlePieceVisibleEvent,Unit 5 Dev - Dungeon,452,2026-09-05T23:36:32.288000+00:00,2026-09-05T23:44:03.614000+00:00,7m 31s
Soil Key Puzzle,Unit 2 Prod (Refactor),12,2026-09-05T21:40:28.157000+00:00,2026-09-05T21:52:57.764000+00:00,12m 29s
Soil Key Puzzle,Unit 3 Dev,12,2026-09-05T22:36:18.946000+00:00,2026-09-05T22:36:31.419000+00:00,12.5s
Soil Key Puzzle,Unit 4 Dev,50,2026-09-05T22:56:57.062000+00:00,2026-09-05T22:59:13.192000+00:00,2m 16s
SolarStillDesignEvent,Unit 5 Dev,4,2026-09-05T23:58:08.180000+00:00,2026-09-05T23:58:13.720000+00:00,5.5s
TerasGardenBox,Unit 4 Dev,6,2026-09-05T23:32:25.220000+00:00,2026-09-05T23:32:58.035000+00:00,32.8s
TopographicMapEvent,Unit 2 Prod (Refactor),39,2026-09-05T21:37:34.703000+00:00,2026-09-05T22:05:45.561000+00:00,28m 10s
TopographicMapEvent,Unit 3 Dev,26,2026-09-05T22:17:06.578000+00:00,2026-09-05T22:49:21.936000+00:00,32m 15s
WaterChamberEvent,Unit 5 Dev - Dungeon,43,2026-09-05T23:43:57.817000+00:00,2026-09-05T23:52:20.400000+00:00,8m 22s
argumentationAnswerEvent,Unit 1 Dev,8,2026-09-05T21:18:41.988000+00:00,2026-09-05T21:32:32.512000+00:00,13m 50s
argumentationAnswerEvent,Unit 2 Prod (Refactor),9,2026-09-05T22:10:09.593000+00:00,2026-09-05T22:13:31.983000+00:00,3m 22s
argumentationAnswerEvent,Unit 3 Dev,6,2026-09-05T22:29:28.360000+00:00,2026-09-05T22:31:32.716000+00:00,2m 4s
argumentationAnswerEvent,Unit 4 Dev - Anderson Base,15,2026-09-05T23:27:47.673000+00:00,2026-09-05T23:30:38.987000+00:00,2m 51s
argumentationAnswerEvent,Unit 5 Dev,12,2026-09-05T23:55:00.892000+00:00,2026-09-05T23:56:45.641000+00:00,1m 44s
argumentationEvent,Unit 1 Dev,8,2026-09-05T21:18:36.759000+00:00,2026-09-05T21:32:32.515000+00:00,13m 55s
argumentationEvent,Unit 2 Prod (Refactor),2,2026-09-05T22:09:30.878000+00:00,2026-09-05T22:13:31.986000+00:00,4m 1s
argumentationEvent,Unit 3 Dev,3,2026-09-05T22:28:26.699000+00:00,2026-09-05T22:31:32.750000+00:00,3m 6s
argumentationEvent,Unit 4 Dev - Anderson Base,3,2026-09-05T23:25:38.247000+00:00,2026-09-05T23:30:39.021000+00:00,5m 0s
argumentationEvent,Unit 5 Dev,2,2026-09-05T23:54:51.221000+00:00,2026-09-05T23:56:45.646000+00:00,1m 54s
argumentationNodeEvent,Unit 1 Dev,82,2026-09-05T21:18:37.536000+00:00,2026-09-05T21:32:31.712000+00:00,13m 54s
argumentationNodeEvent,Unit 2 Prod (Refactor),113,2026-09-05T22:09:32.177000+00:00,2026-09-05T22:13:30.449000+00:00,3m 58s
argumentationNodeEvent,Unit 3 Dev,145,2026-09-05T22:28:31.034000+00:00,2026-09-05T22:31:31.082000+00:00,3m 0s
argumentationNodeEvent,Unit 4 Dev - Anderson Base,257,2026-09-05T23:25:43.816000+00:00,2026-09-05T23:30:38.253000+00:00,4m 54s
argumentationNodeEvent,Unit 5 Dev,146,2026-09-05T23:54:53.088000+00:00,2026-09-05T23:56:44.208000+00:00,1m 51s
argumentationToolEvent,Unit 1 Dev,8,2026-09-05T21:18:36.074000+00:00,2026-09-05T21:32:11.803000+00:00,13m 35s
argumentationToolEvent,Unit 2 Prod (Refactor),2,2026-09-05T22:10:07.627000+00:00,2026-09-05T22:10:08.459000+00:00,0.8s
argumentationToolEvent,Unit 3 Dev,2,2026-09-05T22:28:29.299000+00:00,2026-09-05T22:28:29.800000+00:00,0.5s
chatEvent,Unit 5 Dev,1,2026-09-05T23:53:07.703000+00:00,2026-09-05T23:53:07.703000+00:00,0.0s
chatEvent,Unit 5 Dev - Dungeon,1,2026-09-05T23:36:27.269000+00:00,2026-09-05T23:36:27.269000+00:00,0.0s
crash,<missing sceneName>,3,,,?
gameStartEvent,MainMenu,8,2026-09-05T21:10:39.937000+00:00,2026-09-05T23:36:25.419000+00:00,2h 25m
gameWindowFocusEvent,MainMenu,1,2026-09-05T22:15:01.451000+00:00,2026-09-05T22:15:01.451000+00:00,0.0s
gameWindowFocusEvent,PodsEscapingCopernicus Cutscene,1,2026-09-05T21:35:43.736000+00:00,2026-09-05T21:35:43.736000+00:00,0.0s
gameWindowFocusEvent,Transition,1,2026-09-05T21:10:45.141000+00:00,2026-09-05T21:10:45.141000+00:00,0.0s
gameWindowFocusEvent,Unit 1 Dev,8,2026-09-05T21:11:03.614000+00:00,2026-09-05T21:34:35.272000+00:00,23m 31s
gameWindowFocusEvent,Unit 2 Prod (Refactor),4,2026-09-05T21:36:08.875000+00:00,2026-09-05T22:12:54.258000+00:00,36m 45s
gameWindowFocusEvent,Unit 3 Dev,5,2026-09-05T22:20:08.462000+00:00,2026-09-05T22:45:44.222000+00:00,25m 35s
gameWindowFocusEvent,Unit 3 Dungeon Dev,3,2026-09-05T22:37:06.446000+00:00,2026-09-05T22:42:30.795000+00:00,5m 24s
gameWindowFocusEvent,Unit 4 Dev,2,2026-09-05T22:58:00.642000+00:00,2026-09-05T23:21:04.813000+00:00,23m 4s
gameWindowFocusEvent,Unit 4 Dev - Anderson Base,2,2026-09-05T23:27:30.309000+00:00,2026-09-05T23:29:09.381000+00:00,1m 39s
gameWindowFocusEvent,Unit 4 Dev - Dungeon,4,2026-09-05T23:04:17.909000+00:00,2026-09-05T23:18:10.185000+00:00,13m 52s
gameWindowFocusEvent,Unit 5 Dev,2,2026-09-05T23:53:25.527000+00:00,2026-09-05T23:57:40.562000+00:00,4m 15s
gameWindowUnfocusEvent,MainMenu,1,2026-09-05T22:14:57.375000+00:00,2026-09-05T22:14:57.375000+00:00,0.0s
gameWindowUnfocusEvent,PodsEscapingCopernicus Cutscene,1,2026-09-05T21:35:31.465000+00:00,2026-09-05T21:35:31.465000+00:00,0.0s
gameWindowUnfocusEvent,Transition,1,2026-09-05T21:10:43.298000+00:00,2026-09-05T21:10:43.298000+00:00,0.0s
gameWindowUnfocusEvent,Unit 1 Dev,9,2026-09-05T21:10:56.853000+00:00,2026-09-05T21:34:16.893000+00:00,23m 20s
gameWindowUnfocusEvent,Unit 2 Prod (Refactor),4,2026-09-05T21:36:01.337000+00:00,2026-09-05T22:11:22.264000+00:00,35m 20s
gameWindowUnfocusEvent,Unit 3 Dev,6,2026-09-05T22:19:43.061000+00:00,2026-09-05T22:45:43.572000+00:00,26m 0s
gameWindowUnfocusEvent,Unit 3 Dungeon Dev,3,2026-09-05T22:37:04.420000+00:00,2026-09-05T22:42:27.869000+00:00,5m 23s
gameWindowUnfocusEvent,Unit 4 Dev,2,2026-09-05T22:57:58.471000+00:00,2026-09-05T23:20:53.667000+00:00,22m 55s
gameWindowUnfocusEvent,Unit 4 Dev - Anderson Base,2,2026-09-05T23:25:44.835000+00:00,2026-09-05T23:29:07.290000+00:00,3m 22s
gameWindowUnfocusEvent,Unit 4 Dev - Dungeon,4,2026-09-05T23:02:52.181000+00:00,2026-09-05T23:16:29.428000+00:00,13m 37s
gameWindowUnfocusEvent,Unit 5 Dev,2,2026-09-05T23:53:23.817000+00:00,2026-09-05T23:57:17.929000+00:00,3m 54s
questEvent,Unit 1 Dev,24,2026-09-05T21:11:02.328000+00:00,2026-09-05T21:34:01.728000+00:00,22m 59s
questEvent,Unit 2 Prod (Refactor),12,2026-09-05T21:36:35.594000+00:00,2026-09-05T22:14:17.737000+00:00,37m 42s
questEvent,Unit 3 Dev,11,2026-09-05T22:16:33.698000+00:00,2026-09-05T22:51:12.220000+00:00,34m 38s
questEvent,Unit 3 Dungeon Dev,2,2026-09-05T22:36:59.728000+00:00,2026-09-05T22:42:54.743000+00:00,5m 55s
questEvent,Unit 4 Dev,8,2026-09-05T22:56:02.104000+00:00,2026-09-05T23:35:42.847000+00:00,39m 40s
questEvent,Unit 4 Dev - Anderson Base,2,2026-09-05T23:23:55.014000+00:00,2026-09-05T23:30:50.659000+00:00,6m 55s
questEvent,Unit 4 Dev - Dungeon,9,2026-09-05T23:04:20.952000+00:00,2026-09-05T23:18:13.007000+00:00,13m 52s
questEvent,Unit 5 Dev,7,2026-09-05T23:53:39.320000+00:00,2026-09-05T23:59:31.704000+00:00,5m 52s
questEvent,Unit 5 Dev - Dungeon,7,2026-09-05T23:36:27.298000+00:00,2026-09-05T23:50:28.217000+00:00,14m 0s
soilMachine,Unit 4 Dev - Dungeon,36,2026-09-05T23:10:32.540000+00:00,2026-09-05T23:20:07.925000+00:00,9m 35s
